{
  "ip": "42.117.51.210",
  "is_eu": false,
  "city": "Ho Chi Minh City",
  "region": "Ho Chi Minh",
  "region_code": "SG",
  "region_type": "municipality",
  "country_name": "Vietnam",
  "country_code": "VN",
  "continent_name": "Asia",
  "continent_code": "AS",
  "latitude": 10.821999549865723,
  "longitude": 106.62570190429688,
  "postal": null,
  "calling_code": "84",
  "flag": "https://ipdata.co/flags/vn.png",
  "emoji_flag": "🇻🇳",
  "emoji_unicode": "U+1F1FB U+1F1F3",
  "asn": {
    "asn": "AS18403",
    "name": "FPT Telecom Company",
    "domain": "fpt.com.vn",
    "route": "42.117.50.0/23",
    "type": "business"
  },
  "languages": [
    {
      "name": "Vietnamese",
      "native": "Tiếng Việt",
      "code": "vi"
    }
  ],
  "currency": {
    "name": "Vietnamese Dong",
    "code": "VND",
    "symbol": "₫",
    "native": "₫",
    "plural": "Vietnamese dong"
  },
  "time_zone": {
    "name": "Asia/Ho_Chi_Minh",
    "abbr": "+07",
    "offset": "+0700",
    "is_dst": false,
    "current_time": "2023-05-07T04:08:53+07:00"
  },
  "threat": {
    "is_tor": false,
    "is_icloud_relay": false,
    "is_proxy": false,
    "is_datacenter": false,
    "is_anonymous": false,
    "is_known_attacker": false,
    "is_known_abuser": false,
    "is_threat": false,
    "is_bogon": false,
    "blocklists": []
  },
  "count": "2"
}