[{"Domain":".google.com","ExpirationDate":13330535857.013363,"HttpOnly":0,"Name":"1P_JAR","Path":"/","Secure":1,"Value":"2023-05-07-14","Key":"","Expires":0},{"Domain":".google.com","ExpirationDate":13343495855.444963,"HttpOnly":1,"Name":"AEC","Path":"/","Secure":1,"Value":"AUEFqZdtf9-1CoOR3z_xXGfIljFd3UeQqMEd0rPgxwkla6SqOT-Bjy6SsYY","Key":"","Expires":0},{"Domain":".google.com","ExpirationDate":13343755056.726793,"HttpOnly":1,"Name":"NID","Path":"/","Secure":1,"Value":"511=KTzo-RNjVC3mBvPsorboXdFkWfvYvQvHVviAzrVOxleNRSoR2aTXP81ZtPEC1cjwDFXC9ctT6ZMW6ajcNirZZATklmmcWbFlhsLq23uRcxDP3fcQuBAxaRhfsZ1NYzojedSLhY5NMKtvayEqqOCsGX_P36qGONf2F_Rb1pqB2BI","Key":"","Expires":0},{"Domain":".facebook.com","ExpirationDate":13362503860.271704,"HttpOnly":1,"Name":"datr","Path":"/","Secure":1,"Value":"s7dXZHJAWXauyHoyevtdNdo6","Key":"datr","Expires":1737125501835.3215},{"Domain":".facebook.com","ExpirationDate":13328548822.843454,"HttpOnly":0,"Name":"locale","Path":"/","Secure":1,"Value":"vi_VN","Key":"locale","Expires":1732711346969.6492},{"Domain":".facebook.com","ExpirationDate":13359480045.909468,"HttpOnly":0,"Name":"c_user","Path":"/","Secure":1,"Value":"100067399599374","Key":"c_user","Expires":1736732405968.2307},{"Domain":".facebook.com","ExpirationDate":13328548867,"HttpOnly":0,"Name":"dpr","Path":"/","Secure":1,"Value":"1.25","Key":"dpr","Expires":1732711352710},{"Domain":".facebook.com","ExpirationDate":13335720049.626076,"HttpOnly":1,"Name":"fr","Path":"/","Secure":1,"Value":"06gsGvepMwEXHYHHe.AWVKkwiMVVKw-DnwusWU6o0sKFo.BkV7ez.MV.AAA.0.0.BkV7hy.AWV1rtIsOFE","Key":"fr","Expires":1733643606451.39},{"Domain":".facebook.com","ExpirationDate":13362504049.909424,"HttpOnly":1,"Name":"sb","Path":"/","Secure":1,"Value":"s7dXZF-c61ySp1u_2JMCTQfX","Key":"sb","Expires":1737125526488.225},{"Domain":".facebook.com","ExpirationDate":13328548853,"HttpOnly":0,"Name":"wd","Path":"/","Secure":1,"Value":"1536x746","Key":"wd","Expires":1732711350890},{"Domain":".facebook.com","ExpirationDate":13359480045.909517,"HttpOnly":1,"Name":"xs","Path":"/","Secure":1,"Value":"22%3AfrF5OV0r7foLFw%3A2%3A1683470448%3A-1%3A7617","Key":"xs","Expires":1736732405968.2373}]
